PID,Name,TID,ODK
1,Matt Barkley,1,O
2,Blaine Gabbert,1,O
3,Drew Stanton,1,O
4,D.J. Foster,1,O
5,Bronson Hill,1,O
6,Elijhaa Penny,1,O
7,Kerwynn Williams,1,O
8,Jaron Brown,1,O
9,John Brown,1,O
10,Larry Fitzgerald,1,O
11,J.J. Nelson,1,O
12,Chad Williams,1,O
13,Jermaine Gresham,1,O
14,Troy Niklas,1,O
15,Ricky Seals-Jones,1,O
16,Gabe Holmes,1,O
17,Khalif Barnes,1,O
18,Evan Boehm,1,O
19,Alex Boone,1,O
20,Will Holden,1,O
21,Vinston Painter,1,O
22,A.Q. Shipley,1,O
23,Max Tuerk,1,O
24,Earl Watford,1,O
25,John Wetzel,1,O
26,Rodney Gunter,1,D
27,Josh Mauro,1,D
28,Robert Nkemdiche,1,D
29,Corey Peters,1,D
30,Olsen Pierre,1,D
31,Frostee Rucker,1,D
32,Xavier Williams,1,D
33,Byrson Albright,1,D
34,Deone Buccanon,1,D
35,Josh Bynes,1,D
36,Karlos Dansby,1,D
37,Chandler Jones,1,D
38,Gabe Martin,1,D
39,Kareem Martin,1,D
40,Haason Reddick,1,D
41,Edmond Robinson,1,D
42,Scooby Wright,1,D
43,Budda Baker,1,D
44,Justin Bethel,1,D
45,C.J. Goodwin,1,D
46,Tyrann Matieu,1,D
47,Harlan Miller,1,D
48,Patrick Peterson,1,D
49,Brandon Williams,1,D
50,Tramon Williams,1,D
51,Aaron Brewer,1,K
52,Phil Dawson,1,K
53,Andy Lee,1,K
54,Matt Ryan,2,O
55,Matt Schuab,2,O
56,Devonta Freeman,2,O
57,Tevin Coleman,2,O
58,Brian Hill,2,O
59,Derrick Coleman,2,O
60,Julio Jones,2,O
61,Mohamed Sanu,2,O
62,Taylor Gabriel,2,O
63,Justin Hardy,2,O
64,Andrew Roberts,2,O
65,Nick Williams,2,O
66,Austin Hooper,2,O
67,Levin Toilolo,2,O
68,Eric Saubert,2,O
69,Jake Matthes,2,O
70,Andy Levitre,2,O
71,Alex Mack,2,O
72,Wes Schweitzer,2,O
73,Ryan Schraeder,2,O
74,Austin Pasztor,2,O
75,Ben Garland,2,O
76,Ty Sambrailo,2,O
77,Sean Harlow,2,O
78,Vic Beasley,2,D
79,Takkarist McKinley,2,D
80,Broos Reed,2,D
81,Adiran Clayborn,2,D
82,Jack Crawford,2,D
83,Derrick Shelby,2,D
84,Courtney Upshaw,2,D
85,Grady Jarrett,2,D
86,Dontari Poe,2,D
87,Deion Jones,2,D
88,Duke Riley,2,D
89,Deâ€™Vondre Campbell,2,D
90,Jermaine Grace,2,D
91,LaRoy Reynolds,2,D
92,Desmond Trufant,2,D
93,Robert Alford,2,D
94,Brian Poole,2,D
95,C.J. Goodwin,2,D
96,Blidi Wreh-Wilson,2,D
97,Deji Olatoye,2,D
98,Keanu Neal,2,D
99,Sharrod Neasman,2,D
100,Kemal Ishmael,2,D
101,Ricardo Allen,2,D
102,Damontae Kazee,2,D
103,Matt Bryant,2,K
104,Matt Bosher,2,K
105,Josh Harris,2,K
106,Joe Flacco,3,O
107,Ryan Mallett,3,O
108,Javorius Allen,3,O
109,Alex Collins,3,O
110,Patrick Ricard,3,O
111,Terrance West,3,O
112,Danny Woodhead,3,O
113,Quincy Adeboyeja,3,O
114,Michael Campanaro,3,O
115,Jeremy Maclin,3,O
116,Chris Moore,3,O
117,Breshad Perriman,3,O
118,Mike Wallace,3,O
119,Nick Boyle,3,O
120,Vince Mayle,3,O
121,Benjamin Watson,3,O
122,Maxx Williams,3,O
123,Luke Bowanko,3,O
124,Andrew Donnal,3,O
125,Jermaine Eluemunor,3,O
126,Austin Howard,3,O
127,James Hurst,3,O
128,Ryan Jensen,3,O
129,Maurquice Shakir,3,O
130,Matt Skura,3,O
131,Ronnie Stanley,3,O
132,Carl Davis,3,D
133,Willie Henry,3,D
134,Bronson Kaufusi,3,D
135,Michael Pierce,3,D
136,Brandon Williams,3,D
137,Chris Wormley,3,D
138,Tyus Bowser,3,D
139,Kamalei Corrrea,3,D
140,Steven Johnson,3,D
141,Matt Judon,3,D
142,C.J. Mosley,3,D
143,Patrick Onwuasor,3,D
144,ZaDarius,3,D
145,Terrell Suggs,3,D
146,Tim Williams,3,D
147,Maurice Canady,3,D
148,Brandon Carr,3,D
149,Chuck Clark,3,D
150,Marlon Humphrey,3,D
151,Stanley Jean-Baptiste,3,D
152,Tony Jefferson,3,D
153,Anthony Levine,3,D
154,Laradrius Webb,3,D
155,Eric Weddle,3,D
156,Morgan Cox,3,K
157,Sam Koch,3,K
158,Justin Tucker,3,K
159,Nathan Peterman,4,O
160,Tyrod Taylor,4,O
161,LesSean McCoy,4,O
162,Patrick DiMarco,4,O
163,Deonte Thompson,4,O
164,Brandon Tate,4,O
165,Jordan Matthews,4,O
166,Zay Jones,4,O
167,Andre Holmes,4,O
168,Kelvin Benjamin,4,O
169,Logan Thomas,4,O
170,Nick OLeary,4,O
171,Charles Clay,4,O
172,Dion Dawkins,4,O
173,Richie Incognito,4,O
174,Eric Wood,4,O
175,John Miller,4,O
176,Vlad Ducasse,4,O
177,Seantrel Henderson,4,O
178,Ryan Groy,4,O
179,Cordy Glenn,4,O
180,Eddie Yarbrough,4,D
181,Shaq Lawson,4,D
182,Jerry Hughes,4,D
183,Kyle Williams,4,D
184,Aldolphus Washington,4,D
185,Cedric Thronton,4,D
186,Marcell Dareus,4,D
187,Preston Brown,4,D
188,Matt Milano,4,D
189,Ramon Humber,4,D
190,Lorenzo Alexander,4,D
191,TreDavious White,4,D
192,Shareece Wright,4,D
193,E.J. Gaines,4,D
194,Micah Hyde,4,D
195,Jordan Poyer,4,D
196,Trae Elston,4,D
197,Leonard Johnson,4,D
198,Stephen Haushka,4,K
199,Colton Schmidt,4,K
200,Derrick Anderson,5,O
201,Garret Gilbet,5,O
202,Cam Newton,5,O
203,Alexander Armah,5,O
204,Cameron Artis-Payne,5,O
205,Christian McCaffery,5,O
206,Johnathan Stewart,5,O
207,Fozzy Whittaker,5,O
208,Brenton Bersin,5,O
209,Kaelin Clay,5,O
210,Mose Frazier,5,O
211,Devin Funchess,5,O
212,Russel Shepard,5,O
213,Greg Olson,5,O
214,Ed Dickson,5,O
215,Blaine Clausell,5,O
216,Matt Kalil,5,O
217,Ryan Kalil,5,O
218,Tyler Larsen,5,O
219,Taylor Molton,5,O
220,Andrew Norwell,5,O
221,Amini Silatolu,5,O
222,Trai Turner,5,O
223,Greg Van Roten,5,O
224,Daryl Williams,5,O
225,Mario Addison,5,D
226,Vernon Butler,5,D
227,Bryan Cox Jr.,5,D
228,Wes Horton,5,D
229,Charles Johnson,5,D
230,Star Lotulelei,5,D
231,Kyle Love,5,D
232,Julius Peppers,5,D
233,Kawann Short,5,D
234,Thomas Davis Sr.,5,D
235,Andrew Gachkar,5,D
236,Ben Jacbos,5,D
237,Luke Kuechly,5,D
238,David Mayo,5,D
239,Shaq Thompson,5,D
240,Mike Adams,5,D
241,Hames Bradberry,5,D
242,Jairus Byrd,5,D
243,Kurt Coleman,5,D
244,LaDarius Gunter,5,D
245,Colin Jones,5,D
246,Captain Munnerlyn,5,D
247,Kevon Seymour,5,D
248,Daryl Worley,5,D
249,Graham Gano,5,K
250,J.J. Jansen,5,K
251,Michael Palardy,5,K
252,Mike Glennon,6,O
253,Mark Sanchez,6,O
254,Mitchell Trubisky,6,O
255,Michael Burton,6,O
256,Tarik Cohen,6,O
257,Benny Cunninghamg,6,O
258,Jordan Howard,6,O
259,Taquan Mizzell,6,O
260,Josh Bellamy,6,O
261,Dontrell Inman,6,O
262,Markus Wheaton,6,O
263,Kendall Wright,6,O
264,Ben Braunecker,6,O
265,Daniel Brown,6,O
266,Adam Shaheen,6,O
267,Dion Sims,6,O
268,Tom Compton,6,O
269,Hroniss Grasu,6,O
270,Brandon Greene,6,O
271,Cameron Lee,6,O
272,Charles Leno Jr.,6,O
273,Bobby Massie,6,O
274,Josh Sitton,6,O
275,Bradley Sowell,6,O
276,Cody Whitehai,6,O
277,Johnathan Bullard,6,D
278,Rashaad Coward,6,D
279,Eddie Goldman,6,D
280,Akiem Hicks,6,D
281,Roy Robertson-Harris,6,D
282,Sam Acho,6,D
283,Jonathan Anderson,6,D
284,Lamarr Houston,6,D
285,Christian Jones,6,D
286,Howard Hones,6,D
287,Nick Kwiatkoski,6,D
288,John Timu,6,D
289,Danny Trevathan,6,D
290,Adrian Amos,6,D
291,Prince Amukamara,6,D
292,Deon Bush,6,D
293,Bryce Callahan,6,D
294,Marcus Cooper,6,D
295,Kyle Fuller,6,D
296,DeAndre Houston-Carson,6,D
297,Eddie Jackson,6,D
298,CreVeon LeBlanc,6,D
299,Sherrick McManis,6,D
300,Andrew DePaola,6,K
301,Pat ODonnell,6,K
302,Mike Nugent,6,K
303,Andy Dalton,7,O
304,AJ McCarron,7,O
305,Giovani Bernard,7,O
306,Ryan Hewitt,7,O
307,Brian Hill,7,O
308,Joe Mixon,7,O
309,Jarveon Williams,7,O
310,Tyler Boyd,7,O
311,Cody Core,7,O
312,Alex Erickson,7,O
313,A.J. Green,7,O
314,Brandon LaFell,7,O
315,Josh Malone,7,O
316,Cethan Carter,7,O
317,Tyler Kroft,7,O
318,C.J. Uzomah,7,O
319,Russell Bodine,7,O
320, Clint Boling,7,O
321,Trey Hopkins,7,O
322,Justin Murray,7,O
323,Cedric Ogbuehi,7,O
324,Kent Perkins,7,O
325,Alex Redmond,7,O
326,Christian Westerman,7,O
327,Eric Winston,7,O
328,Geno Atkins,7,D
329,Andrew Billings,7,D
330,Carlos Dunlap,7,D
331,Ryan Glasgow,7,D
332,Michael Johnson,7,D
333,Pat Sims,7,D
334,Chris Smith,7,D
335,Josh Tupou,7,D
336,Jordan Willis,7,D
337,Brandon Bell,7,D
338,Vontaze Burfict,7,D
339,Jordan Evans,7,D
340,Carl Lawson,7,D
341,Hardy Nickerson Jr.,7,D
342,Vincent Rey,7,D
343,Darqueze Dennard,7,D
344,Clayton Fejedelem,7,D
345,George Iloka,7,D
346,William Jackson III,7,D
347,Dre Kirkpatrick,7,D
348,Tony McRae,7,D
349,KeiVarae Russell,7,D
350,Josh Shaw,7,D
351,Brandon WIlson,7,D
352,Shawn Williams,7,D
353,Randy Bullock,7,K
354,Clark Harris,7,K
355,Kevin Huber,7,K
356,Kevin Hogan,8,O
357,Cody Kessler,8,O
358,DeShone Kizer,8,O
359,Isaiah Crowell,8,O
360,Matthew Dayes,8,O
361,Duke Johnson,8,O
362,Danny Vitale,8,O
363,Marquez Williams,8,O
364,Sammie Coates,8,O
365,Corey Coleman,8,O
366,Josh Gordon,8,O
367,Matt Hazel,8,O
368,Rashard Higgins,8,O
369,Ricardo Louis,8,O
370,Seth DeValve,8,O
371,Matt Lengel,8,O
372,David Njoku,8,O
373,Randall Telfer,8,O
374,Zach Banner,8,O
375,Joel Bitonio,8,O
376,Shon Coleman,8,O
377,Spencer Drango,8,O
378,Geoff Gray,8,O
379,Marcus MArtin,8,O
380,Austin Reiter,8,O
381,JC Tretter,8,O
382,Kevin Zeitler,8,O
383,Caleb Brantley,8,D
384,Trevon Coley,8,D
385,Lavar Edwards,8,D
386,Myles Garrett,8,D
387,Carl Nassib,8,D
388,Larry Ogunjobi,8,D
389,Nate Orchard,8,D
390,Danny Shelton,8,D
391,B.J. Bello,8,D
392,James Burgess,8,D
393,Jeremey Cash,8,D
394,Josh Keyes,8,D
395,Christian Kirksey,8,D
396,Joe Schobert,8,D
397,Briean Boddy-Calhoun,8,D
398,Justin Currie,8,D
399,Michael Jordan,8,D
400,Jason McCourty,8,D
401,Kai Nacau,8,D
402,Jabril Peppers,8,D
403,C.J. Smith,8,D
404,Derron Smith,8,D
405,Jamar Taylor,8,D
406,Britton Colquitt,8,K
407,Zane Gonzalez,8,K
408,Charley Hughlett,8,K
409,Dak Prescott,9,O
410,Cooper Rush,9,O
411,Ezekiel Elliot,9,O
412,Alfred Morris,9,O
413,Keith Smith,9,O
414,Rod Smith,9,O
415,Cole Beasley,9,O
416,Noah Brown,9,O
417,Dez Bryant,9,O
418,Brice Butler,9,O
419,Lance Lenoir,9,O
420,Ryan Switzer,9,O
421,Terrence Williams,9,O
422,James Hanna,9,O
423,Blake Jarwin,9,O
424,Geoff Swaim,9,O
425,Jason Witten,9,O
426,Byron Bell,9,O
427,LaEl Collins,9,O
428,Jonathan Cooper,9,O
429,Kadeem Edwards,9,O
430,Travis Frederick,9,O
431,Chaz Green,9,O
432,Joe Looney,9,O
433,Zack Martin,9,O
434,Richard Ash,9,D
435,Taco Charlton,9,D
436,Maliek Collins,9,D
437,Tyrone Crawford,9,D
438,David Irving,9,D
439,Datone Jones,9,D
440,DeMarcus Lawrence,9,D
441,Benson Mayowa,9,D
442,Lewis Neal,9,D
443,Daniel Ross,9,D
444,Anthony Hitchens,9,D
445,TreVon Johnson,9,D
446,Sean Lee,9,D
447,Justin March-Lillard,9,D
448,Jaylon Smith,9,D
449,Kyle Wilber,9,D
450,Damien Wilson,9,D
451,Chidobe Awuzie,9,D
452,Benne Benwikere,9,D
453,Anthony Brown,9,D
454,Kavon Frazier,9,D
455,Jeff Heath,9,D
456,Byron Jones,9,D
457,Jourdan Lewiss,9,D
458,Xavier Woods,9,D
459,Dan Bailey,9,K
460,Chris Jones,9,K
461,Daniel Ross,9,K
462,Paxton Lynch,10,O
463,Brock Osweiler,10,O
464,C.J. Anderson,10,O
465,Devontae Booker,10,O
466,Jamaal Charles,10,O
467,DeAngelo Henderson,10,O
468,Andy Janovich,10,O
469,Benni Fowler,10,O
470,Cody Latimer,10,O
471,Isiah McKenzie,10,O
472,Emmanuel Sander,10,O
473,Jordan Taylor,10,O
474,Demaryius Thomans,10,O
475,Virgin Green,10,O
476,Jeff Hueurman,10,O
477,Matt LaCosse,10,O
478,Austin Traylor,10,O
479,Allen Barbe,10,O
480,Garrett Bolles,10,O
481,J.J. Dielman,10,O
482,Max Garcia,10,O
483,Cyrus Kouandjio,10,O
484,Connor McGovern,10,O
485,Matt Paradis,10,O
486,Donald Stephenson,10,O
487,Elijah Wilkinson,10,O
488,Adam Hotsis,10,D
489,Shelby Harris,10,D
490,Zach Kerr,10,D
491,Domata Peko,10,D
492,Kyle Peko,10,D
493,Zaire Anderson,10,D
494,Shaquil Barrett,10,D
495,Todd Davis,10,D
496,Jerrol Garcia-Williams,10,D
497,Joseph Jones,10,D
498,Brandon Marshall,10,D
499,Von Miller,10,D
500,Deiontrez Mount,10,D
501,DeMarcus Walker,10,D
502,Jamal Carter,10,D
503,Chris Harris Jr.,10,D
504,Michael Hunter,10,D
505,Brendan Langley,10,D
506,Will Parks,10,D
507,Marcus Rios,10,D
508,Bradley Roby,10,D
509,Darian Stewart,10,D
510,Aqib Talib,10,D
511,Dymonte Thomas,10,D
512,Riley Dixon,10,K
513,Brandon McManus,10,K
514,Cason Kreiter,10,K
515,Jake Rudock,11,O
516,Matthew Stafford,11,O
517,Ammer Abdullah,11,O
518,Tion Green,11,O
519,Theo Riddick,11,O
520,Dwayne Washington,11,O
521,Zach Zenner,11,O
522,Kenny Golladay,11,O
523,Andy Jones,11,O
524,Marvin Jones,11,O
525,Bradley Marquez,11,O
526,Golden Tate,11,O
527,Jace Billingsley,11,O
528,Eric Ebron,11,O
529,Darren Fells,11,O
530,Michael Roberts,11,O
531,Hakeem Valles,11,O
532,Emmett Cleary,11,O
533,Joe Dahl,11,O
534,Taylor Decker,11,O
535,Graham Glasgow,11,O
536,T.J. Lang,11,O
537,Brian Mihalik,11,O
538,Corey Robinson,11,O
539,Rick Wagner,11,O
540,Ezekiel Ansah,11,D
541,Rodney Cole,11,D
542,Dwight Freeney,11,D
543,Jeremiah Ledbetter,11,D
544,Christian Ringo,11,D
545,Akeem Spence,11,D
546,Cornelius Washington,11,D
547,Antjony Zettle,11,D
548,Nick Bellmore,11,D
549,Jarrad Davis,11,D
550,Steve Longa,11,D
551,Jalen Reeves-Maybin,11,D
552,Tahir Whitehead,11,D
553,Paul Worrilow,11,D
554,Jamal Agnew,11,D
555,Don Carey,11,D
556,Quandre Diggs,11,D
557,D.J. Hayden,11,D
558,Miles Killebrew,11,D
559,Nevin Lawson,11,D
560,Glover Quin,11,D
561,Darius Slay,11,D
562,Teez Tabor,11,D
563,Charles Washington,11,D
564,Sam Martin,11,K
565,Matt Prater,11,K
566,Don Muhlbach,11,K
567,Aaron Rodgers,12,O
568,Joe Callahan,12,O
569,Brett Hundley,12,O
570,Aaron Jones,12,O
571,Joe Kerridge,12,O
572,Devante Mays,12,O
573,Aaron Ripkowski,12,O
574,Jamaal Williams,12,O
575,Devante Adams,12,O
576,Geronimo Allison,12,O
577,Michael Clark,12,O
578,Radnall Cobb,12,O
579,Trevor Davis,12,O
580,Jeff Janis,12,O
581,Jordy Nelson,12,O
582,Emanuel Byrd,12,O
583,Lance Kendricks,12,O
584,Richard Rodgers,12,O
585,David Bakhtiari,12,O
586,Dillion Day,12,O
587,Jahri Evans,12,O
588,Corey Linsley,12,O
589,Justin McCray,12,O
590,Ulrick John,12,O
591,Adam Pankey,12,O
592,Lucas Patrick,12,O
593,Lane Taylor,12,O
594,Montravius Adams,12,D
595,Kenny Clark,12,D
596,Mike Daniels,12,D
597,Quinton Dial,12,D
598,Dean Lowry,12,D
599,Vince Biegel,12,D
600,Ahmad Brooks,12,D
601,Kyler Fackrell,12,D
602,Reggie Gilbert,12,D
603,Black Martinez,12,D
604,Clay Matthews III,12,D
605,Chris Odom,12,D
606,Jake Ryan,12,D
607,Joe Thomas,12,D
608,Donatello Brown,12,D
609,Morgan Burtnette,12,D
610,Ha Ha Clinton-Dix,12,D
611,Marvin Evans,12,D
612,Josh Hawkins,12,D
613,Davon House,12,D
614,Josh Jones,12,D
615,Lenzy Pipkins,12,D
616,Damarious Randall,12,D
617,Jermaine Whitehead,12,D
618,Mason Crosby,12,K
619,Brett Goode,12,K
620,Justin Vogel,12,K
621,Taylor Heinicke,13,O
622,Josh Johnson,13,O
623,T.J. Yates,13,O
624,Alfred Blue,13,O
625,Andre Ellington,13,O
626,Lamar Miller,13,O
627,Jay Prosch,13,O
628,Jordan Todman,13,O
629,Will Fuller,13,O
630,Cobi Hamilton,13,O
631,DeAndre Hopkins,13,O
632,Braxton Miller,13,O
633,Chris Thompson,13,O
634,DeAndrew White,13,O
635,Stephen Anderson,13,O
636,Ryan Malleck,13,O
637,Jeff Allen,13,O
638,Julien Davenport,13,O
639,Kyle Fuller,13,O
640,Breno Giacomini,13,O
641,Kendall Lamm,13,O
642,Greg Mancz,13,O
643,David Quessenberry,13,O
644,Chad Slade,13,O
645,Xavier Su-a-Filo,13,O
646,Agnelo Blackson,13,D
647,Chunky Clements,13,D
648,Brandon Dunn,13,D
649,Joel Heath,13,D
650,Carlos Watkins,13,D
651,Jadeveon Clowney,13,D
652,Dylan Cole,13,D
653,Zach Cunningham,13,D
654,Brian Cushing,13,D
655,Jelani Jenkins,13,D
656,Ufomba Kamalu,13,D
657,LaTroy Lewis,13,D
658,Brian Peters,13,D
659,Gimel President,13,D
660,Ibraheim Campbell,13,D
661,Treston Decoud,13,D
662,Kurtis Drummond,13,D
663,Marcus Gilchrist,13,D
664,Andre Hal,13,D
665,Kareem Jackson,13,D
666,Kevin Johnson,13,D
667,Johnathan Joseph,13,D
668,Eddie Pleasant,13,D
669,Marcus Williams,13,D
670,KaImi Fairbairn,13,K
671,Shane Lechler,13,K
672,Jon Weeks,13,K
673,Jacoby Brissett,14,O
674,Brad Kaaya,14,O
675,Scott Tolzein,14,O
676,Josh Ferguson,14,O
677,Frank Gore,14,O
678,Matt Jones,14,O
679,Marlon Mack,14,O
680,Kamar Aiken,14,O
681,K.J. Brent,14,O
682,T.Y. Hilton,14,O
683,Donte Moncrief,14,O
684,Chester Rogers,14,O
685,Darrell Daniels,14,O
686,Jack Doyle,14,O
687,Ross Travis,14,O
688,Jason Vander Laan,14,O
689,Tyreek Burwell,14,O
690,Anthony Castonzo,14,O
691,LeRaven Clark,14,O
692,Anthony Fabiano,14,O
693,Mark Glowinski,14,O
694,Denzelle Good,14,O
695,Joe Haeg,14,O
696,Mike Person,14,O
697,Jemery Vujnovich,14,O
698,Johnathan Hankins,14,D
699,Margus Hunt,14,D
700,Anthony Johnson,14,D
701,Joey Mbu,14,D
702,Caraun Reid,14,D
703,Hassan Ridgeway,14,D
704,Grover Stewart,14,D
705,Al Woods,14,D
706,Tarell Basham,14,D
707,Jeremiah George,14,D
708,Barkevious Mingo,14,D
709,Antonio Morrison,14,D
710,Jermaine Grace,14,D
711,Jabaal Sheard,14,D
712,Anthony Walker Jr.,14,D
713,Darius Butler,14,D
714,Matthias Farley,14,D
715,Clayton Geathers,14,D
716,T.J. Green,14,D
717,Nate Hairston,14,D
718,Ronald Martin,14,D
719,Christopher Milton,14,D
720,Kenny Moore,14,D
721,D.J. White,14,D
722,Quincy Wilson,14,D
723,Luke Rhodes,14,K
724,Rigoberto Sanchez,14,K
725,Adam Vinatieri,14,K
726,Blake Bortles,15,O
727,Chad Henne,15,O
728,Tommy Bohanon,15,O
729,Leonard Fournette,15,O
730,Corey Grant,15,O
731,Chris Ivory,15,O
732,T.J. Yeldon,15,O
733,Keelan Cole,15,O
734,Allen Hurns,15,O
735,Marqise Lee,15,O
736,Jaydon Mickens,15,O
737,Dede Westbrook,15,O
738,Ben Koyack,15,O
739,Mercedes Lewis,15,O
740,James OShaughnessy,15,O
741,A.J. Cann,15,O
742,Brandon Linder,15,O
743,Patrick Omameh,15,O
744,Jermey Parnell,15,O
745,Will Poehls,15,O
746,Chris Reed,15,O
747,Cam Robinson,15,O
748,Tyler Shatley,15,O
749,Josh Walker,15,O
750,Josh Wells,15,O
751,Eli Ankou,15,D
752,Calais Campbell,15,D
753,Marcell Dareus,15,D
754,Dante Fowler Jr.,15,D
755,Malik Jackson,15,D
756,Arby Jones,15,D
757,Yannick Ngakour,15,D
758,Carrol Phillips,15,D
759,Dawuane Smoot,15,D
760,Blair Brown,15,D
761,Myles Jack,15,D
762,Deon King,15,D
763,Larentee McCray,15,D
764,Donald Payne,15,D
765,Paul Posluszny,15,D
766,Telvin Smith,15,D
767,A.J. Bouye,15,D
768,Barry Church,15,D
769,Aaron Colvin,15,D
770,Tashaun Gipson,15,D
771,Jalen Myrick,15,D
772,Tyler Patmon,15,D
773,Jalen Ramsey,15,D
774,Peyton Thompson,15,D
775,Jarrod Wilson,15,D
776,Colin Holba,15,K
777,Josh Lambo,15,K
778,Brad Nortman,15,K
779,Tyler Bray,16,O
780,Patrick Mahomes II,16,O
781,Alex Smith,16,O
782,Kareem Hunt,16,O
783,Anthony Sherman,16,O
784,C.J. Spiller,16,O
785,Charcandrick West,16,O
786,Jehu Chesson,16,O
787,Tyreek Hill,16,O
788,Marcus Kemp,16,O
789,Demarcus Robinson,16,O
790,Albert Wilson,16,O
791,Orson Charles,16,O
792,Demetrius Harris,16,O
793,Travis Kelce,16,O
794,Jordan Devey,16,O
795,Laurent Duvernay-Tardif,16,O
796,Parker Ehinger,16,O
797,Cameron Erving,16,O
798,Eric Fisher,16,O
799,Zach Fulton,16,O
800,Mitchell Schwartz,16,O
801,Bryan Witzmann,16,O
802,Allen Bailey,16,D
803,Stefan Charles,16,D
804,Justin Hamilton,16,D
805,Jarvis Jenkins,16,D
806,Chris Jones,16,D
807,Berni Logan,16,D
808,Rakeem Nunez-Roches,16,D
809,Ukeme Eligwe,16,D
810,Tamba Hali,16,D
811,Justin Houston,16,D
812,Derrick Johnson,16,D
813,Tanoh Kpassagnon,16,D
814,Kevin Pierre-Louis,16,D
815,Reggie Ragland,16,D
816,Terrance Smith,16,D
817,Ramik Wilson,16,D
818,Frank Zombo,16,D
819,Kenneth Acker,16,D
820,Leon McQuay III,16,D
821,Terrence Mitchell,16,D
822,Erric Murray,16,D
823,Steven Nelson,16,D
824,Ron Parker,16,D
825,Marcus Peters,16,D
826,Keith Reaser,16,D
827,Darelle Revis,16,D
828,Daniel Sorensen,16,D
829,Harrison Buker,16,K
830,Dustin Colquitt,16,K
831,James Winchester,16,K
832,Jared Goff,17,O
833,Sean Mannion,17,O
834,Malcolm Brown,17,O
835,Justin Davis,17,O
836,Lance Dunbar,17,O
837,Todd Gurley,17,O
838,Tavon Austin,17,O
839,Pharoh Cooper,17,O
840,Cooper Kupp,17,O
841,Josh Reynolds,17,O
842,Mike Thomas,17,O
843,Sammy Watkins,17,O
844,Robert Woods,17,O
845,Derek Carrier,17,O
846,Gerald Everett,17,O
847,Tyler Higbee,17,O
848,Austin Blythe,17,O
849,Jamon Brown,17,O
850,Rob Havenstein,17,O
851,Corelius Lucas,17,O
852,Aaron Neary,17,O
853,Rodger Saffold,17,O
854,John Sullivan,17,O
855,Darrell Williams,17,O
856,Andrew Whitworth,17,O
857,Michael Brockers,17,D
858,Aaron Donald,17,D
859,Morgan Fox,17,D
860,Tanzel Smart,17,D
861,Ethan Westbrooks,17,D
862,Mark Barron,17,D
863,Connor Barwin,17,D
864,Samson Ebukam,17,D
865,Bryce Hager,17,D
866,Cory Littleton,17,D
867,Alec Ogletree,17,D
868,Robert Quinn,17,D
869,Garrett Sickels,17,D
870,Carlos Thompson,17,D
871,Blake Countess,17,D
872,Cody Davis,17,D
873,Troy Hill,17,D
874,Isaiah Johnson,17,D
875,John Johnson,17,D
876,Trumaine Johnson,17,D
877,Lamarcus Joyner,17,D
878,Kevin Peterson,17,D
879,Nickell Robey-Coleman,17,D
880,Johnny Hekker,17,K
881,Jacob McQuaide,17,K
882,Greg Zuerlein,17,K
883,Kellen Clemens,18,O
884,Cardale Jones,18,O
885,Phillip Rivers,18,O
886,Austin Ekeler,18,O
887,Melvin Gordon,18,O
888,Russell Hansbrough,18,O
889,Branden Oliver,18,O
890,Derek Watt,18,O
891,Keenan Allen,18,O
892,Travis Benjamin,18,O
893,Geremy Davis,18,O
894,Mike Williams,18,O
895,Tyrell Williams,18,O
896,Sean Culkin,18,O
897,Jeff Cumberland,18,O
898,Antonio Gates,18,O
899,Sean McGrath,18,O
900,Joe Barksdale,18,O
901,Dan Feeney,18,O
902,Russell Okung,18,O
903,Michael Ola,18,O
904,Spencer Pulley,18,O
905,Michael Schofield,18,O
906,Sam Tevi,18,O
907,Kenny Wiggins,18,O
908,Jeremiah Attaochu,18,D
909,Joey Bosa,18,D
910,Melvin Ingram,18,D
911,Corey Liuget,18,D
912,Chris McCain,18,D
913,Brandon Mebane,18,D
914,Tenny Palepoi,18,D
915,Darius Philon,18,D
916,Isaac Rochell,18,D
917,Damion Square,18,D
918,Jatavis Brown,18,D
919,Nick Dzubnar,18,D
920,Kyle Emanuel,18,D
921,Denzel Perryman,18,D
922,Hayes Pullard,18,D
923,Korey Toomer,18,D
924,Jahleel Addae,18,D
925,Tre Boston,18,D
926,Michael Davis,18,D
927,Casey Hayward,18,D
928,Rayshawn Jenkins,18,D
929,Desmond King,18,D
930,Craig Mager,18,D
931,Adrian Phillips,18,D
932,Trevor Williams,18,D
933,Drew Kaser,18,K
934,Nick Rose,18,K
935,Mike Windt,18,K
936,Jay Cutler,19,O
937,David Fales,19,O
938,Matt Moore,19,O
939,Kenyan Drake,19,O
940,Senories Perry,19,O
941,DeVon Smith,19,O
942,Damien Williams,19,O
943,Jakeem Grant,19,O
944,Jarvis Landry,19,O
945,DeVante Parker,19,O
946,Rashawn Scott,19,O
947,Kenny Stills,19,O
948,A.J. Derby,19,O
949,Thomas Duarte,19,O
950,Anthony Fasano,19,O
951,MarQueis Gray,19,O
952,Isaac Asiata Jake Brendel,19,O
953,Jesse Davis,19,O
954,Ted Larsen,19,O
955,Mike Pouncey,19,O
956,Eric Smith,19,O
957,Zach Sterup,19,O
958,Laremy Tunsil,19,O
959,Sam Young,19,O
960,Andre Branch,19,D
961,Terrence Fede,19,D
962,Davon Godchaux,19,D
963,Charles Harris,19,D
964,Cameron Malveaux,19,D
965,Jordan Phillips,19,D
966,Cameron Wake,19,D
967,Gabe Wright,19,D
968,Chase Allen,19,D
969,Kiko Alonso,19,D
970,Stephone Anthony,19,D
971,Neville Hewitt,19,D
972,Mike Hull,19,D
973,Lawrence Timmons,19,D
974,Walt Aikens,19,D
975,Trae Elston,19,D
976,Xavien Howard,19,D
977,Reshad Jones,19,D
978,Jordan Lucas,19,D
979,Bobby McCaain,19,D
980,T.J. McDonald,19,D
981,Tory McTyer,19,D
982,Cordrea Tankersley,19,D
983,Alterraun Verner,19,D
984,John Denney,19,K
985,Matt Haack,19,K
986,Cody Parkey,19,K
987,Sam Bradford,20,O
988,Teddy Bridgewater,20,O
989,Case Keenum,20,O
990,Kyle Sloter,20,O
991,Mack Brown,20,O
992,C.J. Ham,20,O
993,Jerick McKinnon,20,O
994,Latavius Murray,20,O
995,Stacey Coley,20,O
996,Stefon Diggs,20,O
997,Michael Floyd,20,O
998,Adam Thielen,20,O
999,Laquon Treadwell,20,O
1000,Jarius Wright,20,O
1001,David Morgan II,20,O
1002,Kyle Rudolph,20,O
1003,Joe Berger,20,O
1004,Aviante Collins,20,O
1005,Cornelius Edison,20,O
1006,Pat Elflein,20,O
1007,Rashod Hill,20,O
1008,Danny Isidora,20,O
1009,Riley Reiff,20,O
1010,Mike Remmers,20,O
1011,Jeremiah Sirles,20,O
1012,Tashawn Bower,20,D
1013,Everson Griffen,20,D
1014,Danielle Hunter,20,D
1015,Jaleel Johnson,20,D
1016,Tom Johnson,20,D
1017,Linval Joseph,20,D
1018,Brian Robison,20,D
1019,Shamar Stephen,20,D
1020,Stephen Weatherly,20,D
1021,Anthiny Barr,20,D
1022,Kentrell Brothers,20,D
1023,Ben Gedeon,20,D
1024,Eric Kendricks,20,D
1025,Emmanuel Lamur,20,D
1026,Eric Wilson,20,D
1027,Mackensie Alexander,20,D
1028,Tremaine Brock,20,D
1029,Anthony Harris,20,D
1030,Jayron Kearse,20,D
1031,Terence Newman,20,D
1032,Xavier Rhodes,20,D
1033,Andrew Sendejo,20,D
1034,Marcus Sherels,20,D
1035,Harrison Smith,20,D
1036,Trae Waynes,20,D
1037,Kai Forbath,20,K
1038,Jeff Overbaugh,20,K
1039,Ryan Quigley,20,K
1040,Tom Brady,21,O
1041,Brian Hoyer,21,O
1042,Brandon Bolden,21,O
1043,Rex Burkhead,21,O
1044,James Develin,21,O
1045,Mike Gillislee,21,O
1046,Dion Lewis,21,O
1047,James White,21,O
1048,Danny Amendola,21,O
1049,Kenny Britt,21,O
1050,Brandin Cooks,21,O
1051,Phillip Dorsett,21,O
1052,Chris Hogan,21,O
1053,Bernard Reedy,21,O
1054,Matthew Slater,21,O
1055,Dwayne Allen,21,O
1056,Rob Gronkowski,21,O
1057,Jacob Hollister,21,O
1058,David Andrews,21,O
1059,Cole Croston,21,O
1060,Cameron Fleming,21,O
1061,Ted Karras,21,O
1062,Shaq Mason,21,O
1063,Nate Solder,21,O
1064,Joe Thuney,21,O
1065,LaAdrian Waddle,21,O
1066,Alan Branch,21,D
1067,Malcom Brown,21,D
1068,Adam Butler,21,D
1069,Trey Flowers,21,D
1070,Geneo Grissom,21,D
1071,Lawrence Guy,21,D
1072,Ricky Jean Francois,21,D
1073,Eric Lee,21,D
1074,Deatrich Wise Jr.,21,D
1075,Marquis Flowers,21,D
1076,Nicholas Grigsby,21,D
1077,David Harris,21,D
1078,James Harrison,21,D
1079,Elandon Roberts,21,D
1080,Kyle Van Noy,21,D
1081,Johnson Bademosi,21,D
1082,Malcom Butler,21,D
1083,Patrick Chung,21,D
1084,Stephon Gilmore,21,D
1085,Duron Harmon,21,D
1086,Brandon King,21,D
1087,Devin McCourty,21,D
1088,Jordan Richards,21,D
1089,Eric Rowe,21,D
1090,Ryan Allen,21,K
1091,Joe Cardona,21,K
1092,Stephen Gostkowski,21,K
1093,Drew Brees,22,O
1094,Chase Daniel,22,O
1095,Taysom Hill,22,O
1096,Trey Ednmunds,22,O
1097,Mark Ingram Jr.,22,O
1098,Alvin Kamara,22,O
1099,Zach Line,22,O
1100,Jonathan Williams,22,O
1101,Austin Carr,22,O
1102,Brandon Coleman,22,O
1103,Tedd Ginn Jr.,22,O
1104,Tommylee Lewis,22,O
1105,Willie Snead IV,22,O
1106,Michael Thomas,22,O
1107,Josh Hill,22,O
1108,Michael Hoomanawanui,22,O
1109,John Phillips,22,O
1110,Terron Armstead,22,O
1111,John Fullington,22,O
1112,Byrce Harris,22,O
1113,Senio Kelemete,22,O
1114,Josh LeRibeus,22,O
1115,Ryan Ramczyk,22,O
1116,Cameron Tom,22,O
1117,Max Unger,22,O
1118,Larry Warford,22,O
1119,Tyeler Davison,22,D
1120,Woodrow Hamilton,22,D
1121,George Johnson,22,D
1122,Cameron Jordan,22,D
1123,Al-Quadin Muhammad,22,D
1124,David Onyemata,22,D
1125,Sheldon Rankins,22,D
1126,Kasim Edebali,22,D
1127,Jonathan Freeny,22,D
1128,Gerald Hodges,22,D
1129,Michael Mauti,22,D
1130,Craig Robertson,22,D
1131,Manti TeO,22,D
1132,Chris Banjo,22,D
1133,Vonn Bell,22,D
1134,Rafael Bush,22,D
1135,Ken Crawley,22,D
1136,Justin Hardee,22,D
1137,Marshon Lattimore,22,D
1138,Arthur Maulet,22,D
1139,Sterling Moore,22,D
1140,Marcus Williams,22,D
1141,P.J. Williams,22,D
1142,Wil Lutz,22,K
1143,Thomas Morstead,22,K
1144,Zach Wood,22,K
1145,Eli Manning,23,O
1146,Geno Smith,23,O
1147,Davis Webb,23,O
1148,Orleans Darkwa,23,O
1149,Wayne Gallman,23,O
1150,Paul Perkins,23,O
1151,Shane Smith,23,O
1152,Shane Vereen,23,O
1153,Marquis Bundy,23,O
1154,Roger Lewis,23,O
1155,Kalif Raymond,23,O
1156,Travis Rudolph,23,O
1157,Hunter Sharp,23,O
1158,Sterling Shepard,23,O
1159,Jerell Adams,23,O
1160,Rhett Ellison,23,O
1161,Evan Engram,23,O
1162,Ryan OMalley,23,O
1163,Nick Becton,23,O
1164,Adam Bisnowaty,23,O
1165,Ereck Flowers,23,O
1166,John Greco,23,O
1167,Jon Halapio,23,O
1168,John Jerry,23,O
1169,Brett Joens,23,O
1170,Damien Mama,23,O
1171,Chad Wheeler,23,O
1172,Jay Bromley,23,D
1173,Damon Harrison,23,D
1174,Avery Moss,23,D
1175,Romeo Okwara,23,D
1176,Jason Pierre-Paul,23,D
1177,Robert Thomas,23,D
1178,Dalvin Tomlinson,23,D
1179,Oliver Vernon,23,D
1180,Kerry Wynn,23,D
1181,Ray-Ray Armstrong,23,D
1182,Akeem Ayers,23,D
1183,Devon Kennard,23,D
1184,Derrick Matthews,23,D
1185,Calvin Munson,23,D
1186,Kelvin Sheppard,23,D
1187,Andrew Adams,23,D
1188,Nat Berhe,23,D
1189,Ross Cockrell,23,D
1190,Brandon Dixon,23,D
1191,Darryl Morris,23,D
1192,Ryan Murphy,23,D
1193,Dominique Rodgers-Cromartie,23,D
1194,Darian Thompson,23,D
1195,Zak DeOssie,23,K
1196,Aldrick Rosas,23,K
1197,Brad Wing,23,K
1198,Josh McCown,24,O
1199,Christian Hackenberg,24,O
1200,Bryce Petty,24,O
1201,Matt Forte,24,O
1202,Bilal Powell,24,O
1203,Elijah McGuire,24,O
1204,Julian Howsare,24,O
1205,ArDarius Stewart,24,O
1206,Robby Anderson,24,O
1207,Jermaine Kearse,24,O
1208,Chad Hansen,24,O
1209,Charone Peake,24,O
1210,DamoreEA Stringfellow,24,O
1211,Kalif Raymond,24,O
1212,Eric Tomlinson,24,O
1213,Jordan Leggett,24,O
1214,Will Tye,24,O
1215,Kelvin Beachum,24,O
1216,Brian Winters,24,O
1217,Wesley Johnson,24,O
1218,James Carpenter,24,O
1219,Brandon Shell,24,O
1220,Ben Ijalana,24,O
1221,Dakota Dozier,24,O
1222,Jonotthan Harrison,24,O
1223,Brent Qvale,24,O
1224,Muhammad Wilkerson,24,D
1225,Leonard Williams,24,D
1226,Kony Ealy,24,D
1227,Mike Pennel,24,D
1228,Steve McLendon,24,D
1229,Claude Pelon,24,D
1230,Darron Lee,24,D
1231,Demario Davis,24,D
1232,Jordan Jenkins,24,D
1233,Bruce Carter,24,D
1234,Julian Stanford,24,D
1235,Dylan Donahue,24,D
1236,Josh Martin,24,D
1237,Edmond Robinson,24,D
1238,Juston Burris,24,D
1239,Darryl Roberts,24,D
1240,Morris Claiborne,24,D
1241,Buster Skrine,24,D
1242,Derrick Jones,24,D
1243,Marcus Williams,24,D
1244,Jamal Adams,24,D
1245,Marcus Maye,24,D
1246,Rontez Miles,24,D
1247,Terrence Brooks,24,D
1248,Chandler Catanzaro,24,K
1249,Thomas Hennessy,24,K
1250,Lachlan Edwards,24,K
1251,Derek Carr,25,O
1252,Connor Cook,25,O
1253,EJ Manuel,25,O
1254,Marshawn Lynch,25,O
1255,Jamize Olawale,25,O
1256,Jalen Richard,25,O
1257,DeAndre Washington,25,O
1258,Amari Cooper,25,O
1259,Michael Crabtree,25,O
1260,Johnny Holton,25,O
1261,Cordarrelle Patterson,25,O
1262,Seth Roberts,25,O
1263,Isaac Whitney,25,O
1264,Pharoh Brown,25,O
1265,Jared Cook,25,O
1266,Lee Smith,25,O
1267,Vadal Alexander,25,O
1268,Rodney Houston,25,O
1269,Gabe Jackson,25,O
1270,Marshall Newhouse,25,O
1271,Kelechi Osemele,25,O
1272,David Sharpe,25,O
1273,Ian Silberan,25,O
1274,James Stone,25,O
1275,Jylan Ware,25,O
1276,Denico Autry,25,D
1277,Mario Edwards Jr.,25,D
1278,Justin Ellis,25,D
1279,Treyvon Hester,25,D
1280,Darius Latham,25,D
1281,Khalil Mack,25,D
1282,Eddie Vanderdoes,25,D
1283,Jihad Ward,25,D
1284,NaVorro Bowman,25,D
1285,Shilique Calhoun,25,D
1286,James Cowser,25,D
1287,Bruce Irvin,25,D
1288,Marquel Lee,25,D
1289,Nicholas Morrow,25,D
1290,Brady Sheldon,25,D
1291,David Amerson,25,D
1292,T.J. Carrie,25,D
1293,Antonio Hamilton,25,D
1294,Erik Harris,25,D
1295,Karl Joseph,25,D
1296,Shalom Luani,25,D
1297,Dexter McDonald,25,D
1298,Keith McGill,25,D
1299,Reggie Nelson,25,D
1300,Sean Smith,25,D
1301,Jon Condo,25,K
1302,Marquette King,25,K
1303,Giorgio Tavecchio,25,K
1304,Nick Foles,26,O
1305,Nate Sudfeld,26,O
1306,Jay Ajayi,26,O
1307,Kenjon Barner,26,O
1308,LaGarrette Blount,26,O
1309,Corey Clement,26,O
1310,Wendell Smallwood,26,O
1311,Nelson Agholor,26,O
1312,Shelton Gibson,26,O
1313,Mack Hollins,26,O
1314,Alshon Jeffery,26,O
1315,Marchus Johnson,26,O
1316,Torrey Smith,26,O
1317,Trey Burton,26,O
1318,Brent Celek,26,O
1319,Zach Ertz,26,O
1320,Will Beatty,26,O
1321,Brandon Brooks,26,O
1322,Lane Johnson,26,O
1323,Jason Kelce,26,O
1324,Isaac Seumalo,26,O
1325,Halapoulivaati Vaitai,26,O
1326,Chance Warmack,26,O
1327,Stefen Wisniewski,26,O
1328,Beau Allen,26,D
1329,Derek Barnett,26,D
1330,Bryan Braman,26,D
1331,Fletcher Cox,26,D
1332,Vinny Curry,26,D
1333,Brandon Graham,26,D
1334,Jimmy Jernigan,26,D
1335,Chris Long,26,D
1336,Steven Means,26,D
1337,Elijah Qualls,26,D
1338,Destiny Vaeao,26,D
1339,Nigel Bradham,26,D
1340,Dannell Ellerbe,26,D
1341,Nathan Gerry,26,D
1342,Najee Goode,26,D
1343,Kamu Grugier-Hill,26,D
1344,Mychal Kendricks,26,D
1345,Ronald Darby,26,D
1346,Rasul Douglas,26,D
1347,Corey Graham,26,D
1348,Malcolm Jenkins,26,D
1349,Sidney Jones,26,D
1350,Rodney McLeod,26,D
1351,Jalen Mills,26,D
1352,Patrick Robinson,26,D
1353,Jaylen Watkins,26,D
1354,Jake Elliot,26,K
1355,Rick Lovato,26,K
1356,Donnie Jones,26,K
1357,Joshua Dobbs,27,O
1358,Landry Jones,27,O
1359,Ben Roethlisberger,27,O
1360,LeVeon Bell,27,O
1361,Roosevelt Nix,27,O
1362,Stevan Ridley,27,O
1363,Fitzgerald Toussaint,27,O
1364,Antonio Brown,27,O
1365,Martavis Bryant,27,O
1366,Darrius Heyward-Bey,27,O
1367,Justin Hunter,27,O
1368,Eli Rogers,27,O
1369,JuJu Smith-Schuster,27,O
1370,Xavier Grimble,27,O
1371,Jesse James,27,O
1372,Vance McDonald,27,O
1373,David DeCastro,27,O
1374,Matt Feiler,27,O
1375,B.J. Finney,27,O
1376,Ramon Foster,27,O
1377,Marcus Gilbert,27,O
1378,Jerald Hawkins,27,O
1379,Chris Hubbard,27,O
1380,Maurkice Pouncey,27,O
1381,Alejandro Villanueva,27,O
1382,Tyson Alualu,27,D
1383,Javon Hargrave,27,D
1384,Cameron Heyward,27,D
1385,Daniel McCullers,27,D
1386,Stephon Tuitt,27,D
1387,L.T. Walton,27,D
1388,Anthony Chickillo,27,D
1389,Bud Dupree,27,D
1390,L.J. Fort,27,D
1391,Tyler Matakevich,27,D
1392,Arthur Moats,27,D
1393,Sean Spence,27,D
1394,T.J. Watt,27,D
1395,Vince Williams,27,D
1396,Brian Allen,27,D
1397,Artie Burns,27,D
1398,Sean Davis,27,D
1399,William Gay,27,D
1400,Robert Golden,27,D
1401,Joe Haden,27,D
1402,Mike Hilton,27,D
1403,Mike Mitchell,27,D
1404,Coty Sensabaugh,27,D
1405,Cameron Sutton,27,D
1406,J.J. Wilcox,27,D
1407,Jordan Berry,27,K
1408,Chris Boswell,27,K
1409,Kameron Canaday,27,K
1410,C.J. Beathard,28,O
1411,Jimmy Garoppolo,28,O
1412,Carlos Hyde,28,O
1413,Matt Breida,28,O
1414,Kyle Juszczyk,28,O
1415,Jermy McNichols,28,O
1416,Kendrick Bourne,28,O
1417,Marquise Goodwin,28,O
1418,Max McCaffrey,28,O
1419,Louis Murphy,28,O
1420,Aldrick Robinson,28,O
1421,Trent Taylor,28,O
1422,Garrett Celek,28,O
1423,George Kittle,28,O
1424,Logan Paulsen,28,O
1425,Tim Barnes,28,O
1426,Zane Beadles,28,O
1427,Brandon Fusco,28,O
1428,Daniel Kilgore,28,O
1429,Joe Staley,28,O
1430,Laken Tomlinson,28,O
1431,Darrell Williams Jr.,28,O
1432,Ronald Blair,28,D
1433,DeForest Buckner,28,D
1434,Tank Carradine,28,D
1435,Sheldon Day,28,D
1436,Elvis Dumervil,28,D
1437,Leger Douzable,28,D
1438,D.J. Jones,28,D
1439,Aaron Lynch,28,D
1440,Cassius Marsh,28,D
1441,Earl Mitchell,28,D
1442,Solomon Thomas,28,D
1443,Brock Coyle,28,D
1444,Reuben Foster,28,D
1445,Eli Harold,28,D
1446,Elijah Lee,28,D
1447,Mark Nzeocha,28,D
1448,Pita Taumoepenu,28,D
1449,Dekoda Watson,28,D
1450,Adrian Colbert,28,D
1451,Antone Exum,28,D
1452,Leon Hall,28,D
1453,Dontae Johnson,28,D
1454,Greg Mabin,28,D
1455,Dexter McCoil,28,D
1456,Tyvis Powell,28,D
1457,Eric Reid,28,D
1458,KWaun Williams,28,D
1459,Ahkello Witherspoon,28,D
1460,Robbie Gould,28,K
1461,Kyle Nelson,28,K
1462,Bradley Pinion,28,K
1463,Austin Davis,29,O
1464,Russell Wilson,29,O
1465,Mike Davis,29,O
1466,Eddie Lacy,29,O
1467,J.D. McKissic,29,O
1468,Thomas Rawls,29,O
1469,Doug Baldwin,29,O
1470,Amara Darboh,29,O
1471,Tyler Lockett,29,O
1472,Tanner McEvoy,29,O
1473,David Moore,29,O
1474,Paul Richardson,29,O
1475,Jimmy Graham,29,O
1476,Tyron Swoopes,29,O
1477,Nick Vannett,29,O
1478,Luke Wilson,29,O
1479,Justin Britt,29,O
1480,Duane Brown,29,O
1481,Joey Hunt,29,O
1482,Germain Ifedi,29,O
1483,Luke Joeckel,29,O
1484,Ethan Pocic,29,O
1485,Jordan Roos,29,O
1486,Matt Tobin,29,O
1487,Michael Bennett,29,D
1488,Frank Clark,29,D
1489,Branden Jackson,29,D
1490,Quinton Jefferson,29,D
1491,Dion Jordan,29,D
1492,Jarran Reed,29,D
1493,Sheldon Richardson,29,D
1494,Garrison Smith,29,D
1495,Marcus Smith,29,D
1496,D.J. Alexander,29,D
1497,Paul Dawson,29,D
1498,Terence Garvin,29,D
1499,Bobby Wagner,29,D
1500,Michael Wilhoite,29,D
1501,K.J. Wright,29,D
1502,Justin Coleman,29,D
1503,DeShawn Shead,29,D
1504,Shaquill Griffin,29,D
1505,Delano Hill,29,D
1506,Jeremy Lane,29,D
1507,Byron Maxwell,29,D
1508,Bradley McDougald,29,D
1509,Earl Thomas,29,D
1510,Tedric Thompson,29,D
1511,Neiko Thorpe,29,D
1512,Mike Tyson,29,D
1513,Tyler Ott,29,K
1514,Jon Ryan,29,K
1515,Blair Walsh,29,K
1516,Ryan Fitzpatrick,30,O
1517,Ryan Griffin,30,O
1518,Jameis Winston,30,O
1519,Peyton Barber,30,O
1520,Doug Martin,30,O
1521,Jacquizz Rodgers,30,O
1522,Charles Sims,30,O
1523,Mike Evans,30,O
1524,Chris Godwin,30,O
1525,Adam Humphries,30,O
1526,DeSean Jackson,30,O
1527,Freddie Martino,30,O
1528,Bobo Wilson,30,O
1529,Antony Auclair,30,O
1530,Cameron Brate,30,O
1531,Alan Cross,30,O
1532,Caleb Benenoch,30,O
1533,Adam Gettis,30,O
1534,Joe Hawley,30,O
1535,Michael Liedtke,30,O
1536,Kevin Pamphile,30,O
1537,Donovan Smith,30,O
1538,Evan Smith,30,O
1539,Leonard Wester,30,O
1540,Robert Ayers,30,D
1541,Chris Baker,30,D
1542,Will Clarke,30,D
1543,William Gholston,30,D
1544,Gerald McCoy,30,D
1545,Clinton McDonald,30,D
1546,Pat OConnor,30,D
1547,Ryan Russell,30,D
1548,Sealver Siligia,30,D
1549,Channing Ward,30,D
1550,Kwon Alexander,30,D
1551,Kendell Beckwith,30,D
1552,Devante Bond,30,D
1553,Riley Bullough,30,D
1554,Lavonte David,30,D
1555,Nigel Harris,30,D
1556,Chris Conte,30,D
1557,Javien Elliot,30,D
1558,Brent Grimes,30,D
1559,Isaiah Johnson,30,D
1560,Robert McClain,30,D
1561,David Rivers,30,D
1562,Josh Robinson,30,D
1563,Ryan Smith,30,D
1564,Keith Tandy,30,D
1565,T.J. Ward,30,D
1566,Bryan Anger,30,K
1567,Patrick Murray,30,K
1568,Garrison Sanborn,30,K
1569,Matt Cassel,31,O
1570,Marcus Mariota,31,O
1571,Brandon Weeden,31,O
1572,David Fluellen,31,O
1573,Derrick Henry,31,O
1574,Khalfani Muhammad,31,O
1575,DeMarco Murray,31,O
1576,Corey Davis,31,O
1577,Eric Decker,31,O
1578,Rishard Matthews,31,O
1579,Taywan Taylor,31,O
1580,Eric Weems,31,O
1581,Jonnu Smith,31,O
1582,Luke Stocker,31,O
1583,Phillip Supernaw,31,O
1584,Delaine Walker,31,O
1585,Jack Conklin,31,O
1586,Ben Jones,31,O
1587,Dennis Kelly,31,O
1588,Josh Kline,31,O
1589,Corey Levin,31,O
1590,Taylor Lewan,31,O
1591,Brian Schwenke,31,O
1592,Quinton Spain,31,O
1593,Jurrell Casey,31,D
1594,Austin Johnson,31,D
1595,David King,31,D
1596,Karl Klug,31,D
1597,Sylvester Williams,31,D
1598,Daren Bates,31,D
1599,Jayon Brown,31,D
1600,Josh Carraway,31,D
1601,Kevin Dodd,31,D
1602,Derrick Morgan,31,D
1603,Brian Orakpo,31,D
1604,Nate Palmer,31,D
1605,Erik Walden,31,D
1606,Avery Williamson,31,D
1607,Wesley Woodyard,31,D
1608,Kevin Byard,31,D
1609,Johnathan Cyprien,31,D
1610,Adoree Jackson,31,D
1611,Brice McCain,31,D
1612,Kalan Reed,31,D
1613,Curtis Riley,31,D
1614,Logan Ryan,31,D
1615,DaNorris Searcy,31,D
1616,Tye Smith,31,D
1617,Brynden Trawick,31,D
1618,Beau Brinkley,31,K
1619,Brett Kern,31,K
1620,Ryan Succop,31,K
1621,Kirk Cousins,32,O
1622,Colt McCoy,32,O
1623,Kapri Bibbs,32,O
1624,Dare Ogunbowale,32,O
1625,Samaje Perine,32,O
1626,Jamison Crowder,32,O
1627,Robert Davis,32,O
1628,Josh Doctson,32,O
1629,Ryan Grant,32,O
1630,Maurice Harris,32,O
1631,Brian Quick,32,O
1632,Vernon Davis,32,O
1633,Manasseh Garner,32,O
1634,Niles Paul,32,O
1635,Jeremy Sprinkle,32,O
1636,Tony Bergstrom,32,O
1637,Tyler Catalina,32,O
1638,Kyle Kalis,32,O
1639,Arie Kouandjio,32,O
1640,Morgan Moses,32,O
1641,Ty Nsekhe,32,O
1642,Demetrius Rhaney,32,O
1643,Chase Roullier,32,O
1644,Brandon Scherff,32,O
1645,A.J. Francis,32,D
1646,Ziggy Hood,32,D
1647,Matt Ioannidis,32,D
1648,Anthony Lanier,32,D
1649,Terrell McClain,32,D
1650,Stacy McGee,32,D
1651,Ryand Anderson,32,D
1652,Zach Brown,32,D
1653,Junior Galtte,32,D
1654,Josh Harvey-Clemons,32,D
1655,Ryan Kerrigan,32,D
1656,Otha Peters,32,D
1657,Pete Robertson,32,D
1658,Preston Smith,32,D
1659,Martrell Spaight,32,D
1660,Zach Vigil,32,D
1661,Bashaud Breeland,32,D
1662,Quinton Dunbar,32,D
1663,Deshazor Everett,32,D
1664,Kendall Fuller,32,D
1665,DeAngelo Hall,32,D
1666,Joshua Holsey,32,D
1667,Fabiari Moreau,32,D
1668,Josh Norman,32,D
1669,Fish Smithson,32,D
1670,D.J. Swearinger,32,D
1671,Dustin Hopkins,32,K
1672,Nick Sundberg,32,K
1673,Tress Way,32,K